{"n": "WhiteToilet", "x": [-190.0000457763672, -190.00230407714844, -190.0260772705078, -190.0916290283203, -190.27186584472656, -190.68795776367188, -191.3005828857422, -192.08792114257812, -193.15191650390625, -194.5004119873047, -195.7981414794922, -197.0926055908203, -198.55128479003906, -200.4369354248047, -203.42730712890625, -206.91278076171875, -210.45755004882812, -213.44839477539062, -215.3909912109375, -217.721435546875, -220.48190307617188, -223.57138061523438, -226.69586181640625, -229.53707885742188, -231.95022583007812, -234.09107971191406, -236.6192169189453, -239.5891571044922, -242.2412567138672, -244.09400939941406, -246.684326171875, -249.41561889648438, -252.22340393066406, -255.10369873046875, -257.561279296875, -260.2507019042969, -263.2908935546875, -266.46539306640625], "y": [-605.0, -605.0037231445312, -605.0443725585938, -605.1573486328125, -605.4683837890625, -606.187744140625, -607.2474975585938, -608.6094360351562, -610.4500732421875, -612.7822265625, -615.026123046875, -617.2637939453125, -619.7843627929688, -622.3313598632812, -623.9508666992188, -624.482666015625, -623.748779296875, -621.8742065429688, -619.4830932617188, -617.9810791015625, -617.3936767578125, -616.3024291992188, -615.2182006835938, -614.2494506835938, -612.9163208007812, -611.5076293945312, -611.2691650390625, -611.8157958984375, -613.1986694335938, -614.7489624023438, -616.217041015625, -617.6809692382812, -619.1007080078125, -620.4706420898438, -621.5725708007812, -622.7097778320312, -623.9115600585938, -625.0740966796875], "t": [0.0, 1.85, 3.92, 6.0, 8.08, 10.12, 12.18, 14.21, 16.26, 18.31, 20.39, 22.44, 24.49, 26.55, 28.61, 30.67, 32.72, 34.79, 36.86, 38.91, 40.97, 43.02, 45.08, 47.15, 49.23, 51.31, 53.39, 55.46, 57.51, 59.57, 61.62, 63.68, 65.73, 67.79, 69.85, 71.91, 73.97, 76.02]}