{"n": "WhiteToilet", "x": [-190.0000457763672, -190.0000457763672, -190.000244140625, -190.00184631347656, -190.0059051513672, -190.01211547851562, -190.0223388671875, -190.03575134277344, -190.05224609375, -190.0742645263672, -190.1119842529297, -190.15196228027344, -190.20547485351562, -190.2605438232422, -190.31103515625, -190.3623046875, -190.40045166015625, -190.45350646972656, -190.5215301513672, -190.59625244140625, -190.68679809570312, -190.74620056152344, -190.8489990234375, -190.96786499023438, -191.05783081054688, -191.15650939941406, -191.26376342773438, -191.3681640625, -191.4629669189453, -191.552001953125, -191.6420135498047, -191.76161193847656, -191.86212158203125, -191.96212768554688, -192.05859375, -192.1501007080078, -192.2380828857422, -192.33270263671875, -192.457275390625, -192.55760192871094, -192.6430206298828, -192.70957946777344, -192.7704315185547, -192.81930541992188, -192.87062072753906, -192.9163055419922, -192.9489288330078, -192.97174072265625, -193.06895446777344, -193.23605346679688, -193.43690490722656, -193.73544311523438, -194.11936950683594, -194.6344757080078, -195.2366943359375, -195.95606994628906, -196.78802490234375, -197.7060546875, -198.77508544921875, -199.93531799316406, -200.99363708496094, -200.9950714111328, -200.995361328125, -200.9955291748047, -200.9956817626953], "y": [-605.0, -605.0000610351562, -605.0003051757812, -605.0029296875, -605.0098266601562, -605.0204467773438, -605.0379638671875, -605.06103515625, -605.0894165039062, -605.1273803710938, -605.1924438476562, -605.261474609375, -605.3538818359375, -605.4490966796875, -605.5364379882812, -605.6251220703125, -605.6893310546875, -605.7618408203125, -605.8346557617188, -605.9130249023438, -606.0061645507812, -606.0662841796875, -606.16845703125, -606.2841186523438, -606.4345703125, -606.5975952148438, -606.77587890625, -606.950439453125, -607.1099243164062, -607.251953125, -607.3744506835938, -607.5359497070312, -607.6705322265625, -607.803466796875, -607.9307861328125, -608.0505981445312, -608.1650390625, -608.2723388671875, -608.3906860351562, -608.560791015625, -608.736572265625, -608.9465942382812, -609.1536254882812, -609.3330688476562, -609.537109375, -609.7357788085938, -609.89013671875, -610.0057983398438, -610.11767578125, -610.2883911132812, -610.4833374023438, -610.7542114257812, -611.072509765625, -611.4526977539062, -611.837646484375, -612.22412109375, -612.5834350585938, -612.882568359375, -613.11376953125, -613.2315063476562, -613.2239379882812, -613.2237548828125, -613.2236328125, -613.2235717773438, -613.2235717773438], "t": [0.0, 2.1, 2.62, 4.92, 7.13, 9.31, 11.49, 13.81, 16.72, 18.95, 21.14, 23.56, 25.86, 28.06, 30.34, 32.53, 34.75, 36.99, 39.28, 41.5, 43.79, 46.02, 48.26, 50.5, 52.73, 54.92, 57.04, 59.15, 61.36, 63.72, 65.97, 68.2, 70.5, 72.78, 75.01, 77.28, 79.5, 81.78, 84.05, 86.31, 88.65, 90.83, 92.99, 95.13, 97.31, 99.52, 101.83, 104.06, 106.25, 108.36, 110.55, 112.66, 114.78, 116.88, 119.0, 121.08, 123.16, 125.26, 127.43, 129.56, 131.71, 133.91, 136.07, 138.2, 140.39]}