{"n": "WhiteToilet", "x": [-190.0000457763672, -190.00682067871094, -190.18357849121094, -190.68539428710938, -191.54049682617188, -192.92422485351562], "y": [-605.0, -605.0112915039062, -605.315673828125, -606.1824951171875, -607.66015625, -610.0518188476562], "t": [0.0, 1.0, 3.04, 5.08, 7.13, 9.17]}