{"n": "WhiteToilet", "x": [-190.0000457763672, -190.00282287597656, -190.0451202392578, -190.14830017089844, -190.3716583251953, -190.69996643066406, -191.41314697265625, -192.25283813476562, -193.35604858398438, -194.87405395507812, -196.63107299804688, -198.60824584960938, -200.3845672607422, -202.25819396972656, -204.17300415039062, -206.21397399902344, -208.2874298095703, -210.57501220703125, -214.2048797607422, -218.74224853515625, -223.43016052246094, -227.65003967285156, -232.2269744873047, -236.63748168945312], "y": [-615.0, -615.0045776367188, -615.0770874023438, -615.2550659179688, -615.6409301757812, -616.2085571289062, -617.4420776367188, -618.8945922851562, -620.8028564453125, -623.4285278320312, -626.4674682617188, -629.8870239257812, -632.9589233398438, -636.197998046875, -639.507080078125, -643.0331420898438, -646.6140747070312, -650.2114868164062, -652.940673828125, -654.3206787109375, -654.078857421875, -652.5635375976562, -651.4420166015625, -650.717041015625], "t": [0.0, 1.11, 3.21, 5.26, 7.31, 9.35, 11.4, 13.44, 15.48, 17.52, 19.56, 21.63, 23.73, 25.8, 27.88, 29.97, 32.03, 34.08, 36.14, 38.19, 40.24, 42.31, 44.36, 46.47]}