{"n": "WhiteToilet", "x": [-190.0000457763672, -190.00006103515625, -190.02215576171875, -190.10890197753906, -190.2960968017578, -190.64739990234375, -191.28402709960938, -192.19171142578125, -193.56539916992188, -195.34739685058594], "y": [-625.0, -625.0000610351562, -625.0375366210938, -625.1863403320312, -625.5093994140625, -626.1158447265625, -627.2161865234375, -628.785400390625, -631.1599731445312, -634.240478515625], "t": [0.0, 0.5, 2.29, 4.35, 6.39, 8.45, 10.49, 12.55, 14.59, 16.69]}